{"cameraMode":{"drawMode":0,"name":"Shaded","section":"Shading Mode"},"sceneLighting":false,"audioPlay":false,"sceneViewState":{"showFog":true,"showMaterialUpdate":false,"showSkybox":false,"showFlares":true,"showImageEffects":true,"showParticleSystems":true},"in2DMode":false,"pivot":{"x":16.09290885925293,"y":-11.920305252075196,"z":-3.9043121337890627},"rotation":{"x":-0.01725868135690689,"y":-0.9943178296089172,"z":0.09289772808551789,"w":-0.06713413447141648},"size":7.40501070022583,"orthographic":false}