{"cameraMode":{"drawMode":0,"name":"Shaded","section":"Shading Mode"},"sceneLighting":false,"audioPlay":false,"sceneViewState":{"showFog":true,"showMaterialUpdate":false,"showSkybox":false,"showFlares":true,"showImageEffects":true,"showParticleSystems":true},"in2DMode":false,"pivot":{"x":6.313908576965332,"y":-14.535404205322266,"z":23.072689056396486},"rotation":{"x":-0.01725868135690689,"y":-0.9943178296089172,"z":0.09289772808551789,"w":-0.06713413447141648},"size":7.405007839202881,"orthographic":false}